{"4": [618.7997501918476, 139.24801825368954], "6": [624.517958635694, 332.59298687627194], "5": [657.8333333333333, 191.66666666666666]}