{"1": [593.7077482027119, 265.5618486075166], "3": [599.2335960937078, 183.87790977329811], "2": [539.3526408883629, 7.3459506778275045]}