{"1": 266.91256103816744, "2": 8.785333663472159, "3": 184.70820976079543, "4": 138.97953190963432, "5": 191.66666666666666, "6": 191.66666666666666}