{"1": [593.7077482027119, 265.5618486075166], "2": [539.3526408883629, 7.3459506778275045], "4": [641.1010945568464, 134.71522468356778], "3": [601.6298888611389, 183.0948075617193]}