{"3": [599.9481448152501, 183.64439711919925], "5": [625.5488932529349, 223.95110674706513], "6": [824.6333333333332, 191.66666666666666], "4": [641.1010945568464, 134.71522468356778]}