{"4": [618.7997501918476, 139.24801825368954], "5": [625.5488932529349, 223.95110674706513], "6": [824.6333333333332, 191.66666666666666]}